{
    "IL21R": 0.0,
    "NUPR1": 0.0009544500000000001,
    "CTB-134H23.2": 0.0,
    "SLC5A11": 0.0002698666666666668,
    "KIAA0556": 0.0,
    "CD19": 0.0008074695333333324,
    "SH2B1": 0.0,
    "CCDC101": 0.0025906333333333437,
    "GTF3C1": 0.0,
    "IL27": 0.0,
    "ARHGAP17": 0.0,
    "ERN2": 0.005178175366666649,
    "DCTN5": 0.0,
    "NSMCE1": 0.001713650000000004,
    "AQP8": 0.0004790734666666648,
    "RABEP2": 0.00041500000000000065,
    "XPO6": 0.0028227202833333307,
    "ATP2A1": 0.0077015260833333795,
    "CHP2": 0.0076893852499999365,
    "BOLA2": 0.003152400000000005,
    "KDM8": 0.0007311999999999989,
    "EIF3C": 0.008760162866666622,
    "ATXN2L": 0.0014902024166666672,
    "LAT": 0.0,
    "ZKSCAN2": 0.002496362666666687,
    "SULT1A1": 0.0010625999999999986,
    "HS3ST4": 0.0,
    "EIF3CL": 0.005639392000000006,
    "TUFM": 0.010443933716666754,
    "NPIPL1": 0.0,
    "SNX29P2": 0.0,
    "PRKCB": 0.006344896933333346,
    "SPNS1": 0.0014147999999999904,
    "TNRC6A": 0.0,
    "CACNG3": 0.0,
    "PLK1": 0.019820232316666884,
    "RBBP6": 0.0021791333333333303,
    "NFATC2IP": 0.008779748299999952,
    "APOBR": 0.0,
    "IL4R": 0.0010080000000000006,
    "PALB2": 0.008015733333333306,
    "SULT1A2": 0.0,
    "CTD-3203P2.2": 0.0,
    "GSG1L": 0.0,
    "SBK1": 0.0005259666666666656,
    "LCMT1": 0.0007642833333333317,
    "PRRG4": 0.0,
    "CSTF3": 0.00631282533333336,
    "FBXO3": 0.0,
    "SLC17A6": 0.0003750000000000006,
    "CCDC73": 0.0,
    "CAPRIN1": 0.0004510500000000005,
    "RCN1": 0.0031127666666666554,
    "BDNF": 0.0,
    "METTL15": 0.0012094944500000036,
    "CCDC34": 0.0,
    "EIF3M": 0.0053930896000000195,
    "LUZP2": 0.0,
    "BBOX1": 0.0008035166666666688,
    "CAT": 0.0042664601333333675,
    "SLC5A12": 0.00028826666666666693,
    "QSER1": 0.0,
    "AC103801.2": 0.0,
    "TCP11L1": 0.00024339536666666696,
    "SVIP": 0.0,
    "CD59": 0.0,
    "NAT10": 0.007461771250000015,
    "C11orf91": 0.0,
    "KCNA4": 0.00041284999999999965,
    "FIBIN": 0.0,
    "ARL14EP": 0.0004656000000000003,
    "ABTB2": 0.0,
    "LMO2": 0.0015767666666666716,
    "ELP4": 0.0005860333333333347,
    "MUC15": 0.0,
    "DNAJC24": 0.001716927216666668,
    "GAS2": 0.0,
    "LGR4": 0.006282118333333331,
    "RP11-17A1.2": 0.0,
    "MPPED2": 0.0,
    "KIF18A": 0.003726620350000006,
    "FANCF": 0.019182000000000306,
    "FSHB": 0.0,
    "HIPK3": 0.00600400033333336,
    "PAX6": 0.0009004999999999991,
    "DEPDC7": 0.0010200000000000025,
    "IMMP1L": 0.0008706000000000013,
    "KIAA1549L": 0.0,
    "WT1": 0.003728339900000003,
    "DCDC5": 0.0,
    "AC132216.1": 0.0,
    "ANO5": 0.0,
    "ANO3": 0.0,
    "ELF5": 0.0011237833333333368,
    "EHF": 0.00034003333333333283,
    "LIN7C": 0.00024464999999999985,
    "TRIM37": 0.0007557333333333332,
    "BRIP1": 0.003989597883333334,
    "CD79B": 0.001001671066666665,
    "CACNG1": 0.0,
    "TANC2": 0.001461262899999996,
    "SMG8": 0.0020542666666666667,
    "RP11-15E18.4": 0.0,
    "TEX2": 0.0002804999999999998,
    "YPEL2": 0.000913599999999997,
    "RGS9": 0.0,
    "C17orf72": 0.0,
    "STRADA": 0.0,
    "DDX42": 0.0010709666666666648,
    "TACO1": 0.0011544723833333333,
    "ICAM2": 0.0,
    "APOH": 0.0002826,
    "PRKCA": 0.008521616666666629,
    "FTSJ3": 0.0055673665166666815,
    "TBX4": 0.0008526000000000003,
    "DCAF7": 0.0022165936666666665,
    "GH1": 0.0003070166666666659,
    "GDPD1": 0.0013919583999999947,
    "CTD-2510F5.6": 0.0,
    "METTL2A": 0.0006976000000000005,
    "MRC2": 0.0,
    "MAP3K3": 0.006584566666666634,
    "PRR11": 0.0007474666666666656,
    "MED13": 0.0002606666666666666,
    "C17orf64": 0.003776501616666669,
    "TBX2": 0.0002977333333333329,
    "POLG2": 0.004519633333333324,
    "SMURF2": 0.005286022666666681,
    "AXIN2": 0.0014927666666666602,
    "CEP95": 0.0004623666666666666,
    "INTS2": 0.0,
    "RAD51C": 0.011956777099999963,
    "PPM1E": 0.006401500600000005,
    "CA4": 0.0,
    "CEP112": 0.0,
    "SMARCD2": 0.0034404333333333333,
    "C17orf82": 0.0,
    "USP32": 0.0014998500000000022,
    "KCNH6": 0.0005923500000000005,
    "CACNG4": 0.0,
    "CSH1": 0.00032640000000000024,
    "RPS6KB1": 0.008957438949999967,
    "CTD-2535L24.2": 0.0,
    "RNFT1": 0.0009061000000000018,
    "BCAS3": 0.0,
    "LIMD2": 0.0,
    "NACA2": 0.00571596826666672,
    "RP11-51F16.8": 0.0,
    "DDX5": 0.0068820878666666545,
    "APPBP2": 0.0037840563333333536,
    "SKA2": 0.00021330000000000003,
    "SCN4A": 0.0,
    "PTRH2": 0.0012858011166666631,
    "DHX40": 0.0016828633333333346,
    "RP11-178C3.1": 0.0054937010333333414,
    "CCDC47": 0.0012166666666666658,
    "GNA13": 0.005555269700000052,
    "GH2": 0.0,
    "CSH2": 0.00032640000000000024,
    "CYB561": 0.0,
    "HEATR6": 0.0,
    "VMP1": 0.0,
    "PSMC5": 0.00607709761666664,
    "CSHL1": 0.0,
    "EFCAB3": 0.0025004425666666787,
    "TUBD1": 0.003540159566666665,
    "CACNG5": 0.0,
    "PPM1D": 0.006682222833333339,
    "AC005544.1": 0.0,
    "LRRC37A3": 0.0,
    "CLTC": 0.006319548350000011,
    "ERN1": 0.0036762582333333222,
    "MARCH10": 0.00277560000000001,
    "TLK2": 0.0002817666666666672,
    "CDC14B": 0.005703910999999979,
    "TMOD1": 0.0004983333333333329,
    "MSANTD3-TMEFF1": 0.0,
    "TEX10": 0.0022869833333333217,
    "HIATL2": 0.00026519999999999967,
    "LPPR1": 0.0,
    "MRPL50": 0.0,
    "FOXE1": 0.0013724166666666652,
    "ZNF510": 0.002849033600000026,
    "BAAT": 0.0,
    "COL15A1": 0.0,
    "CORO2A": 0.005385782966666682,
    "HABP4": 0.0020254833333333416,
    "INVS": 0.001461262899999996,
    "SLC35D2": 0.0011727500000000037,
    "C9orf156": 0.0,
    "HSD17B3": 0.0,
    "ZNF189": 0.0028520336000000222,
    "GABBR2": 0.0,
    "C9orf174": 0.0,
    "FAM22G": 0.0,
    "ZNF782": 0.002849033600000026,
    "ANP32B": 0.0012523833333333266,
    "XPA": 0.0070675525499999895,
    "DKFZP434H0512": 0.0,
    "TSTD2": 0.0004270500000000011,
    "SEC61B": 0.001171266666666664,
    "NR4A3": 0.0019206833333333315,
    "ANKS6": 0.003692208300000005,
    "PTCH1": 0.00042900000000000056,
    "TMEFF1": 0.0,
    "MURC": 0.0,
    "CTSL2": 0.0003448499999999997,
    "AAED1": 0.0,
    "STX17": 0.003831222500000009,
    "GALNT12": 0.0,
    "ERP44": 0.003309399999999991,
    "TGFBR1": 0.00330636666666667,
    "TDRD7": 0.0,
    "TBC1D2": 0.0036253539999999895,
    "FANCC": 0.022901600000000407,
    "HEMGN": 0.0,
    "ALG2": 0.0016997308000000029,
    "MSANTD3": 0.0,
    "TRIM14": 0.0,
    "NANS": 0.00027709439999999973,
    "NCBP1": 0.010585605333333255,
    "KRT8P11": 0.00020800000000000004,
    "ERCC6L2": 0.0009819499999999973,
    "ZNF367": 0.002849033600000026,
    "AC133919.6": 0.0,
    "DBNDD1": 0.0,
    "RP11-356C4.2": 0.0,
    "MC1R": 0.0012119999999999987,
    "SPIRE2": 0.0,
    "C16orf3": 0.0,
    "CENPBD1": 0.0,
    "FANCA": 0.012754316666666654,
    "DEF8": 0.0004676666666666663,
    "GAS8": 0.0,
    "PRDM7": 0.0,
    "TCF25": 0.00020579999999999985,
    "SOX13": 0.0,
    "PPFIA4": 0.0003172999999999994,
    "SNRPE": 0.004935488633333337,
    "LGR6": 0.0017583666666666563,
    "ZC3H11A": 0.0,
    "TMEM183A": 0.0,
    "PPP1R12B": 0.0031975950666666584,
    "GOLT1A": 0.0007762499999999993,
    "DSTYK": 0.0022209750666666696,
    "NUAK2": 0.00037999999999999964,
    "NFASC": 0.0,
    "LRRN2": 0.0017583666666666567,
    "ADIPOR1": 0.00030858333333333286,
    "PPP1R15B": 0.0,
    "UBE2T": 0.0035912131833333275,
    "CHIT1": 0.0,
    "KLHL12": 0.0007048666666666667,
    "MDM4": 0.004004516666666658,
    "ZBED6": 0.0,
    "RBBP5": 0.004022433333333339,
    "RABIF": 0.0008549999999999995,
    "BTG2": 0.001612800000000001,
    "MYOG": 0.0,
    "KISS1": 0.0,
    "REN": 0.0011554016666666656,
    "CDK18": 0.01234071601666661,
    "PIK3C2B": 0.005355999683333358,